kilometraje,temperatura_motor,rpm,horas_uso,voltaje_bateria,marca,combustible,tipo_aceite,codigo_falla,requiere_mantenimiento
28742,94.4,874.0,2096.0,12.0,Suzuki,Gasolina,Mineral,P0420,1
172530,96.1,1233.0,1961.0,12.87,Hyundai,GNV,Sint'etico,P0420,1
147460,94.7,1625.0,1245.0,12.66,Toyota,Di'esel,Semisint'etico,P0420,1
102164,98.4,1749.0,1780.0,13.0,Nissan,Gasolina,Sint'etico,P0420,1
100933,110.2,1816.0,1240.0,12.61,Chevrolet,GNV,Mineral,P0420,1
190305,75.0,2017.0,835.0,13.16,Suzuki,GLP,Sint'etico,P0300,1
28048,94.9,1860.0,1482.0,12.58,Toyota,Gasolina,Sint'etico,P0300,1
156447,98.6,2472.0,806.0,13.13,Toyota,GNV,Sint'etico,P0171,1
52308,99.7,1696.0,2091.0,13.2,Chevrolet,GLP,Sint'etico,P0700,1
29777,93.7,1612.0,765.0,11.86,Suzuki,GLP,Semisint'etico,P0300,1
120560,81.2,2215.0,2441.0,11.05,Kia,GNV,Sint'etico,P0420,0
214880,100.0,1309.0,737.0,13.73,Nissan,Di'esel,Semisint'etico,P0700,1
164507,112.5,2175.0,1290.0,12.71,Suzuki,Di'esel,Semisint'etico,P0700,1
169839,,2046.0,1238.0,11.13,Suzuki,GLP,Semisint'etico,P0115,1
160670,104.8,1934.0,2993.0,11.93,Chevrolet,Gasolina,Mineral,P0420,1
175073,94.0,2715.0,2097.0,13.12,Nissan,Gasolina,Semisint'etico,P0171,1
117777,96.4,1720.0,1609.0,12.28,Chevrolet,GNV,Semisint'etico,P0420,1
36903,87.5,2927.0,2249.0,12.09,Nissan,Gasolina,Mineral,P0300,1
186347,94.0,1899.0,100.0,13.62,Chevrolet,GLP,Sint'etico,P0171,1
104581,108.7,1425.0,1761.0,11.66,Chevrolet,Di'esel,Mineral,P0562,1
115073,,2031.0,3598.0,11.86,Kia,Gasolina,Mineral,P0171,0
87867,112.6,1516.0,1919.0,12.67,Chevrolet,GLP,Sint'etico,P0115,1
48335,107.6,1662.0,1861.0,12.81,Nissan,GNV,Sint'etico,P0420,1
204620,101.0,2179.0,2293.0,12.9,Suzuki,Di'esel,Semisint'etico,P0171,1
174129,112.7,2250.0,2606.0,13.23,Chevrolet,Gasolina,Sint'etico,P0016,1
145211,101.0,1720.0,100.0,12.66,Toyota,Gasolina,Semisint'etico,P0700,1
94507,104.5,2444.0,286.0,12.89,Chevrolet,Gasolina,Mineral,P0171,0
182779,94.3,2521.0,1989.0,12.29,Hyundai,GNV,Semisint'etico,P0562,1
124540,97.6,2646.0,1157.0,12.55,Toyota,Di'esel,Sint'etico,P0420,1
103116,90.7,2238.0,2981.0,12.59,Toyota,Di'esel,Sint'etico,P0300,1
104596,105.9,2614.0,1516.0,12.67,Chevrolet,Gasolina,Mineral,P0016,1
57720,86.4,1154.0,100.0,13.12,Suzuki,Di'esel,Sint'etico,P0300,1
29348,104.0,1857.0,659.0,12.94,Chevrolet,GNV,Semisint'etico,P0171,0
126462,95.3,1610.0,100.0,12.54,Kia,Di'esel,Mineral,P0562,1
196456,107.5,2054.0,1589.0,11.85,Toyota,GLP,Sint'etico,P0420,1
23401,103.8,1743.0,1630.0,12.55,Nissan,Gasolina,Semisint'etico,P0300,1
190241,113.4,1925.0,1418.0,12.48,Toyota,Gasolina,Semisint'etico,P0171,1
183802,103.6,2847.0,2771.0,12.65,Suzuki,GLP,Sint'etico,P0700,1
68119,82.9,1924.0,2879.0,14.2,Nissan,Gasolina,Semisint'etico,P0115,1
142649,96.4,2186.0,1647.0,12.08,Suzuki,Di'esel,Semisint'etico,P0171,1
44698,86.5,1895.0,100.0,12.84,Hyundai,Di'esel,Sint'etico,P0300,1
169198,92.3,2034.0,2356.0,13.35,Toyota,Gasolina,Mineral,P0115,1
157109,110.6,2003.0,2300.0,12.58,Hyundai,GLP,Semisint'etico,P0300,1
84450,,2202.0,2078.0,14.2,Nissan,GNV,Sint'etico,P0562,0
24263,90.7,2524.0,2683.0,12.2,Hyundai,Gasolina,Mineral,P0016,0
213846,87.9,2741.0,752.0,12.76,Suzuki,GNV,Mineral,P0171,1
103594,97.3,2139.0,3608.0,11.86,Toyota,GLP,Sint'etico,P0420,1
197555,86.1,2265.0,937.0,12.22,Toyota,GLP,Sint'etico,P0300,1
152362,91.0,1482.0,2474.0,12.7,Hyundai,Gasolina,Semisint'etico,P0300,1
173460,99.8,1960.0,281.0,13.18,Nissan,GNV,Semisint'etico,P0171,1
169578,107.4,2423.0,963.0,12.76,Chevrolet,Gasolina,Mineral,P0700,1
50874,,2390.0,3165.0,13.51,Kia,GNV,Semisint'etico,P0420,1
86420,76.4,2095.0,1565.0,12.42,Chevrolet,GLP,Semisint'etico,P0562,1
108011,99.7,2399.0,2556.0,12.23,Chevrolet,Di'esel,Sint'etico,P0115,0
114536,97.6,2221.0,2013.0,14.2,Chevrolet,Gasolina,Semisint'etico,P0300,1
19198,100.7,2540.0,1706.0,12.82,Chevrolet,GLP,Mineral,P0300,1
124779,111.5,2130.0,3027.0,11.92,Toyota,Gasolina,Semisint'etico,P0171,1
42400,78.4,1840.0,1587.0,11.94,Hyundai,GLP,Semisint'etico,P0115,1
166108,91.7,2151.0,197.0,11.75,Chevrolet,GNV,Sint'etico,P0171,1
153440,102.3,700.0,1077.0,13.25,Toyota,Di'esel,Mineral,P0016,1
203730,82.8,2172.0,2296.0,12.21,Kia,Gasolina,Sint'etico,P0700,1
166400,110.3,700.0,2156.0,12.6,Toyota,Gasolina,Sint'etico,P0016,1
86994,100.3,1224.0,390.0,12.45,Nissan,Gasolina,Sint'etico,P0700,0
213177,104.6,2203.0,1148.0,13.09,Toyota,Gasolina,,P0016,1
96278,91.9,2215.0,1276.0,11.82,Toyota,Gasolina,Semisint'etico,P0016,1
78423,104.3,1477.0,1471.0,11.64,Chevrolet,GLP,Mineral,P0016,1
200162,106.6,1680.0,562.0,12.68,Hyundai,Di'esel,Semisint'etico,P0016,1
87796,99.1,2617.0,1234.0,12.98,Kia,GNV,Semisint'etico,P0016,0
26032,99.1,1782.0,1144.0,12.77,Hyundai,GNV,Semisint'etico,P0700,0
108606,99.4,3009.0,2494.0,11.85,Hyundai,GNV,Sint'etico,P0171,1
177092,89.2,1999.0,2528.0,13.04,Nissan,GLP,Semisint'etico,P0115,1
49788,95.7,2184.0,1669.0,11.9,Nissan,Di'esel,Mineral,P0562,1
107217,95.6,2728.0,1447.0,12.08,Hyundai,GNV,Mineral,P0016,0
37283,,2059.0,1926.0,11.74,Nissan,Gasolina,Semisint'etico,P0171,1
154160,106.0,1549.0,1065.0,13.54,Nissan,Di'esel,,P0016,1
109898,87.5,1951.0,768.0,13.01,Chevrolet,Di'esel,Mineral,P0016,0
79341,,1984.0,954.0,12.98,Chevrolet,GLP,Semisint'etico,P0700,0
57650,110.3,1386.0,1229.0,13.5,Suzuki,GLP,Semisint'etico,P0420,1
128544,90.3,1885.0,753.0,14.2,Kia,GNV,Sint'etico,P0115,1
150660,89.6,1666.0,1946.0,11.13,Kia,GNV,Sint'etico,P0016,1
207464,98.8,2416.0,2457.0,11.91,Chevrolet,Di'esel,Mineral,P0700,1
101801,104.6,2016.0,372.0,12.01,Suzuki,GNV,Sint'etico,P0700,0
43744,97.1,1873.0,1823.0,11.82,Nissan,Gasolina,Semisint'etico,P0562,1
184862,109.0,1952.0,1602.0,11.64,Toyota,GNV,Mineral,P0562,1
142250,104.7,2100.0,2107.0,12.26,Kia,Gasolina,Sint'etico,P0300,1
157055,104.6,2278.0,1788.0,11.53,Nissan,GNV,Mineral,P0700,1
30417,102.0,1550.0,492.0,12.77,Hyundai,Di'esel,Semisint'etico,P0420,1
75596,117.9,1531.0,664.0,12.54,Suzuki,GNV,Sint'etico,P0016,1
171247,95.2,2497.0,1826.0,12.88,Nissan,Gasolina,Sint'etico,P0016,1
184774,79.0,1814.0,2726.0,12.91,Suzuki,Di'esel,Mineral,P0171,1
101395,111.4,1362.0,100.0,12.98,Toyota,GNV,Mineral,P0420,1
179000,92.9,2200.0,2111.0,12.2,Chevrolet,Gasolina,Mineral,P0420,1
186755,98.0,2209.0,2871.0,14.2,Chevrolet,Di'esel,Mineral,P0016,1
91370,108.8,1311.0,1662.0,12.69,Chevrolet,Gasolina,Sint'etico,P0562,1
198598,82.6,2103.0,2295.0,11.01,Suzuki,Di'esel,Mineral,P0300,1
70548,85.7,2331.0,1167.0,11.7,Kia,Di'esel,Sint'etico,P0115,1
60307,82.6,2168.0,1693.0,11.11,Chevrolet,GLP,Sint'etico,P0420,1
153324,89.9,2284.0,341.0,12.51,Nissan,Di'esel,Mineral,P0700,1
143719,101.0,1368.0,100.0,12.4,Nissan,Gasolina,Semisint'etico,P0420,1
39348,101.7,2149.0,2648.0,12.13,Nissan,Gasolina,Semisint'etico,P0420,1
184874,99.5,1864.0,914.0,14.11,Kia,GNV,Mineral,P0300,1
51980,84.3,1783.0,1390.0,12.94,Suzuki,GNV,Sint'etico,P0562,0
179028,76.2,2392.0,552.0,13.08,Toyota,Gasolina,Semisint'etico,P0171,1
11546,97.5,2666.0,531.0,11.76,Kia,Gasolina,Mineral,P0016,1
177336,92.8,2807.0,1644.0,11.7,Chevrolet,Gasolina,Semisint'etico,P0171,1
175254,101.1,2592.0,1143.0,12.53,Toyota,GNV,Semisint'etico,P0171,1
173876,103.3,1951.0,2140.0,12.64,Kia,GLP,Semisint'etico,P0420,0
149618,98.2,2159.0,2207.0,11.01,Chevrolet,GNV,Mineral,P0420,1
109029,103.8,2345.0,2089.0,12.36,Chevrolet,Di'esel,Sint'etico,P0700,0
158084,99.1,2055.0,2015.0,12.51,Toyota,GLP,Mineral,P0300,1
68195,101.8,2059.0,3220.0,12.33,Hyundai,Gasolina,Mineral,P0700,0
173953,90.7,2371.0,839.0,11.85,Hyundai,GLP,Mineral,P0171,1
126685,95.4,1973.0,1751.0,12.07,Chevrolet,GLP,Semisint'etico,P0300,1
106372,98.8,1672.0,2819.0,12.36,Hyundai,Di'esel,Semisint'etico,P0420,0
116177,104.4,1813.0,2938.0,12.57,Chevrolet,GLP,Semisint'etico,P0300,1
129435,93.5,2285.0,520.0,12.98,Nissan,GLP,Sint'etico,P0016,1
17825,101.7,2001.0,1519.0,13.36,Nissan,Di'esel,Mineral,P0562,0
39357,,2153.0,3022.0,12.26,Hyundai,Gasolina,Semisint'etico,P0171,0
61551,95.9,2302.0,2257.0,12.14,Suzuki,Gasolina,Mineral,P0115,0
34051,104.5,1831.0,1976.0,,Toyota,GNV,Sint'etico,P0115,0
102318,79.1,2340.0,1604.0,12.99,Toyota,Di'esel,Mineral,P0700,0
150364,85.3,2170.0,1455.0,12.15,Toyota,Di'esel,Semisint'etico,P0700,1
147430,83.7,1444.0,2059.0,13.13,Hyundai,GLP,Mineral,P0115,1
108930,76.0,2649.0,1573.0,13.28,Suzuki,Di'esel,Sint'etico,P0016,0
189566,90.9,1775.0,1762.0,13.53,Hyundai,Di'esel,Semisint'etico,P0016,1
128699,103.7,1255.0,1871.0,13.92,Nissan,GLP,Semisint'etico,P0562,1
26631,94.4,1530.0,1190.0,11.81,Kia,GLP,Semisint'etico,P0115,1
170649,98.8,1541.0,2279.0,12.51,Toyota,GLP,Sint'etico,P0300,1
130666,106.8,2023.0,4423.0,12.51,Kia,Gasolina,Semisint'etico,P0016,1
143290,108.9,1877.0,201.0,12.42,Toyota,Di'esel,Sint'etico,P0700,1
128728,96.4,1848.0,2092.0,11.98,Kia,Di'esel,Semisint'etico,P0300,1
126251,109.2,2279.0,1116.0,11.31,Chevrolet,GLP,Sint'etico,P0016,1
29018,97.8,2153.0,2320.0,12.57,Chevrolet,Gasolina,Semisint'etico,P0700,0
127433,89.5,2142.0,1842.0,11.89,Hyundai,Gasolina,,P0420,1
176931,91.7,2184.0,2486.0,12.57,Nissan,GNV,Sint'etico,P0562,1
73829,83.7,2277.0,2858.0,11.86,Chevrolet,GLP,Mineral,P0700,1
136596,89.0,1051.0,1973.0,11.62,Hyundai,GNV,Mineral,P0700,1
16471,93.8,1836.0,2819.0,12.69,Kia,Di'esel,Sint'etico,P0300,1
82974,104.2,1019.0,100.0,,Toyota,GNV,Sint'etico,P0171,0
101710,112.5,2016.0,3231.0,12.96,Suzuki,Di'esel,Mineral,P0115,1
216375,84.6,1998.0,2138.0,14.2,Nissan,GLP,Sint'etico,P0420,1
55062,100.5,2470.0,2770.0,12.72,Hyundai,Gasolina,Mineral,P0171,0
68075,87.6,2534.0,702.0,12.89,Nissan,GNV,Semisint'etico,P0300,1
95791,101.3,2091.0,1052.0,11.64,Nissan,Di'esel,Semisint'etico,P0300,1
218459,95.8,1775.0,1931.0,,Chevrolet,GNV,Sint'etico,P0562,1
189214,80.5,2218.0,1785.0,13.77,Toyota,Di'esel,Semisint'etico,P0115,1
17285,105.4,1762.0,2055.0,11.76,Suzuki,GNV,Sint'etico,P0115,1
59127,91.6,1999.0,2776.0,11.66,Suzuki,Di'esel,Semisint'etico,P0016,1
182551,92.2,2444.0,211.0,12.47,Suzuki,Gasolina,Semisint'etico,P0171,1
22243,87.4,1749.0,2676.0,12.43,Suzuki,Gasolina,Sint'etico,P0420,1
189690,91.1,2363.0,1807.0,11.78,Suzuki,GLP,Semisint'etico,P0300,1
69090,100.9,2305.0,1617.0,12.26,Nissan,Gasolina,Semisint'etico,P0420,1
202706,95.3,1570.0,476.0,13.48,Toyota,Di'esel,Mineral,P0420,1
71654,100.0,2438.0,2253.0,11.86,Kia,GLP,Sint'etico,P0300,1
101206,100.3,2314.0,100.0,11.39,Hyundai,Di'esel,Mineral,P0300,1
149002,108.9,2046.0,2384.0,13.25,Hyundai,Gasolina,Mineral,P0300,1
36518,93.9,1657.0,457.0,12.89,Nissan,GLP,Mineral,P0115,0
126976,83.7,1613.0,1848.0,12.0,Nissan,GLP,Mineral,P0115,1
116053,106.6,1758.0,1693.0,11.23,Chevrolet,GLP,Semisint'etico,P0700,1
174618,94.0,2244.0,2853.0,11.9,Nissan,GNV,Mineral,P0016,1
219182,107.0,1570.0,1639.0,12.46,Toyota,Gasolina,Mineral,P0562,1
149505,100.5,2197.0,1175.0,13.43,Hyundai,Di'esel,,P0300,1
95929,95.8,1441.0,1344.0,11.67,Suzuki,Gasolina,Sint'etico,P0562,1
95341,100.1,1908.0,2946.0,12.43,Kia,GNV,Semisint'etico,P0300,1
97771,114.6,2049.0,2283.0,13.04,Chevrolet,GLP,Mineral,P0171,1
180944,115.7,3100.0,1453.0,10.59,Kia,Gasolina,Mineral,P0171,1
77455,97.6,1380.0,1587.0,13.33,Hyundai,GLP,Semisint'etico,P0171,0
45064,98.4,2662.0,390.0,11.55,Nissan,Gasolina,,P0420,1
80201,106.7,2067.0,2150.0,12.77,Nissan,Di'esel,Mineral,P0115,1
14769,89.4,2185.0,216.0,12.7,Nissan,GLP,Sint'etico,P0016,0
32289,100.0,2053.0,2477.0,13.37,Kia,GLP,Sint'etico,P0016,0
28910,96.8,2200.0,1916.0,12.94,Chevrolet,GNV,Semisint'etico,P0115,0
172026,99.8,1931.0,3948.0,10.6,Suzuki,GLP,Mineral,P0562,1
161695,89.5,2654.0,810.0,11.87,Chevrolet,GNV,Sint'etico,P0300,1
156321,82.7,1795.0,1708.0,,Kia,GLP,Semisint'etico,P0016,1
106994,78.3,2510.0,3418.0,12.34,Hyundai,Gasolina,Sint'etico,P0562,0
160582,86.9,1710.0,2872.0,12.88,Chevrolet,Gasolina,Semisint'etico,P0420,1
43867,92.9,1973.0,1173.0,13.13,Kia,GNV,Sint'etico,P0171,0
199130,94.4,1518.0,2002.0,12.99,Chevrolet,Gasolina,Semisint'etico,P0700,1
115219,114.4,2205.0,1802.0,12.33,Toyota,Di'esel,Semisint'etico,P0115,1
206990,107.0,2650.0,2054.0,11.02,Hyundai,Gasolina,Sint'etico,P0171,1
41985,88.3,1965.0,1171.0,12.14,Nissan,Di'esel,Sint'etico,P0115,0
114439,100.1,1911.0,1720.0,12.83,Kia,GLP,Mineral,P0171,0
156227,93.3,1498.0,362.0,11.63,Kia,Gasolina,Sint'etico,P0171,1
114081,94.4,1897.0,1922.0,13.01,Chevrolet,Di'esel,Sint'etico,P0420,1
103692,98.7,1283.0,2205.0,13.23,Kia,GNV,Sint'etico,P0171,0
44904,102.6,1589.0,1595.0,12.6,Nissan,Gasolina,Mineral,P0115,0
90014,93.9,2102.0,346.0,10.5,Hyundai,Gasolina,Semisint'etico,P0300,1
60140,,2594.0,2690.0,11.48,Nissan,Di'esel,Sint'etico,P0016,1
73317,86.7,3264.0,2128.0,14.01,Hyundai,GNV,Mineral,P0420,1
153577,97.1,1736.0,1147.0,12.06,Kia,Di'esel,Sint'etico,P0115,1
142359,120.4,2646.0,1547.0,10.91,Chevrolet,GLP,,P0115,1
137511,99.0,2110.0,449.0,13.49,Suzuki,Gasolina,Sint'etico,P0115,1
85980,109.9,1932.0,877.0,12.51,Hyundai,GLP,Mineral,P0115,1
211535,97.8,2195.0,1316.0,13.38,Chevrolet,Gasolina,Mineral,P0700,1
28406,102.2,2028.0,2906.0,12.72,Toyota,GLP,Mineral,P0562,0
81944,96.5,2050.0,1224.0,12.87,Toyota,Gasolina,Sint'etico,P0016,0
34781,95.5,1816.0,2376.0,12.79,Nissan,GNV,Sint'etico,P0115,0
81178,90.0,1371.0,1316.0,13.06,Nissan,Di'esel,Mineral,P0420,1
211998,100.9,1305.0,2023.0,14.2,Kia,Gasolina,Mineral,P0420,1
86915,89.3,2294.0,1673.0,13.28,Chevrolet,Di'esel,Sint'etico,P0171,0
200801,103.0,1875.0,2586.0,11.24,Kia,Gasolina,Mineral,P0420,0
113963,106.8,1732.0,1319.0,12.86,Hyundai,Gasolina,Mineral,P0171,1
156938,100.3,2004.0,385.0,13.41,Kia,GLP,Semisint'etico,P0171,1
106057,94.4,2358.0,556.0,13.46,Hyundai,Di'esel,Semisint'etico,P0115,0
65832,101.1,2081.0,1321.0,,Nissan,Di'esel,Sint'etico,P0420,1
170488,94.2,1705.0,676.0,13.43,Kia,GNV,Sint'etico,P0016,1
213527,105.4,2552.0,2169.0,13.24,Hyundai,Gasolina,Sint'etico,P0171,1
65340,80.5,2711.0,1381.0,14.2,Chevrolet,Di'esel,Sint'etico,P0115,0
173537,94.0,2223.0,3937.0,11.9,Nissan,Gasolina,Mineral,P0300,1
64839,79.1,2438.0,236.0,12.09,Hyundai,Di'esel,Semisint'etico,P0171,0
160546,83.5,2559.0,1983.0,12.26,Suzuki,Di'esel,Mineral,P0300,1
175691,109.3,2509.0,785.0,12.11,Kia,Gasolina,Sint'etico,P0115,1
104365,105.1,2276.0,1356.0,11.79,Chevrolet,Gasolina,Mineral,P0171,0
164753,90.5,2269.0,1927.0,10.5,Suzuki,GNV,Sint'etico,P0700,1
67170,83.5,2234.0,100.0,12.15,Kia,Gasolina,Mineral,P0171,0
26643,,1506.0,2013.0,12.8,Hyundai,GNV,Sint'etico,P0562,0
30242,92.1,2315.0,3513.0,12.11,Nissan,GNV,Sint'etico,P0420,1
103874,118.8,1390.0,1392.0,14.05,Toyota,Di'esel,Sint'etico,P0115,0
199546,100.9,1642.0,2034.0,12.51,Kia,Di'esel,Mineral,P0171,1
36791,92.0,2587.0,2722.0,13.53,Suzuki,GNV,Sint'etico,P0171,0
105713,101.2,2378.0,1652.0,12.71,Kia,GNV,Semisint'etico,P0420,1
157846,83.0,2669.0,1277.0,13.16,Nissan,Gasolina,Semisint'etico,P0300,1
52496,94.3,1878.0,100.0,12.72,Chevrolet,GNV,Mineral,P0300,1
161539,97.9,1481.0,2377.0,13.6,Hyundai,GNV,Semisint'etico,P0700,1
74250,96.2,1892.0,1698.0,12.54,Hyundai,Gasolina,Sint'etico,P0171,0
179818,104.1,2046.0,889.0,12.9,Chevrolet,Gasolina,Semisint'etico,P0300,1
131636,100.1,2036.0,1914.0,12.79,Toyota,GLP,Sint'etico,P0700,1
124850,103.0,2510.0,1275.0,12.27,Kia,Gasolina,Mineral,P0300,1
47122,90.8,1837.0,1324.0,12.82,Kia,GLP,Mineral,P0171,1
107273,105.1,2158.0,2346.0,14.2,Suzuki,Gasolina,Sint'etico,P0115,1
189888,111.7,1555.0,595.0,12.28,Toyota,GLP,Mineral,P0700,1
14100,88.3,2203.0,2743.0,12.84,Suzuki,Gasolina,,P0115,0
169289,89.0,2001.0,542.0,13.51,Kia,Gasolina,Semisint'etico,P0171,1
113480,109.0,1663.0,1204.0,13.41,Chevrolet,Gasolina,Semisint'etico,P0700,1
161087,95.3,1894.0,3531.0,12.51,Chevrolet,Gasolina,Sint'etico,P0300,1
149292,109.6,1917.0,2815.0,10.59,Hyundai,GLP,Semisint'etico,P0700,1
100739,93.0,1878.0,1888.0,12.91,Suzuki,Gasolina,Sint'etico,P0016,0
74820,110.1,2797.0,954.0,10.72,Hyundai,GNV,Mineral,P0700,1
141734,98.2,1956.0,1324.0,13.68,Toyota,GLP,Mineral,P0420,1
39447,99.3,1890.0,1866.0,12.64,Nissan,Di'esel,Mineral,P0300,1
132660,111.1,1056.0,1834.0,13.3,Chevrolet,GNV,Semisint'etico,P0115,1
29885,93.7,1598.0,1718.0,11.78,Suzuki,GLP,Semisint'etico,P0562,0
146467,88.5,1882.0,1772.0,11.26,Kia,GLP,Semisint'etico,P0562,1
142036,93.0,1691.0,1607.0,12.71,Toyota,Gasolina,Mineral,P0700,1
27733,101.1,2622.0,502.0,12.47,Toyota,GLP,Semisint'etico,P0115,0
169072,82.9,1926.0,1335.0,12.11,Kia,GLP,Semisint'etico,P0420,1
97319,102.7,2580.0,2623.0,12.57,Hyundai,GNV,Semisint'etico,P0171,0
175246,92.2,2028.0,568.0,14.2,Suzuki,Di'esel,Semisint'etico,P0300,1
18738,107.3,2017.0,1629.0,13.17,Toyota,GLP,Semisint'etico,P0420,1
47685,75.5,1960.0,1062.0,13.34,Suzuki,Di'esel,Mineral,P0300,1
113738,89.9,2002.0,1900.0,13.18,Hyundai,Gasolina,Semisint'etico,P0016,0
49527,81.8,2773.0,1450.0,13.68,Toyota,Gasolina,Mineral,P0115,0
79270,89.6,956.0,3130.0,12.35,Hyundai,GNV,Mineral,P0562,0
148725,99.2,1099.0,2256.0,10.86,Toyota,GLP,Semisint'etico,P0171,1
40350,95.4,1756.0,619.0,,Kia,Di'esel,Mineral,P0115,0
152317,94.7,2007.0,2404.0,13.15,Hyundai,GLP,Sint'etico,P0016,1
31714,95.6,2311.0,1103.0,11.72,Chevrolet,Gasolina,Mineral,P0700,1
46788,98.8,2213.0,1281.0,,Chevrolet,Gasolina,Sint'etico,P0562,0
133405,87.9,1827.0,2082.0,11.95,Toyota,GLP,Semisint'etico,P0016,1
176631,103.4,2459.0,1357.0,13.7,Toyota,GLP,Sint'etico,P0562,1
45824,103.0,2464.0,2604.0,13.1,Toyota,GNV,Semisint'etico,P0171,0
72998,100.5,2083.0,1103.0,13.02,Hyundai,GNV,Semisint'etico,P0700,0
204275,102.0,2433.0,1243.0,13.0,Toyota,Di'esel,Mineral,P0171,1
217833,99.7,2123.0,1209.0,12.47,Hyundai,GNV,,P0171,1
132022,115.3,1747.0,1291.0,12.66,Chevrolet,Di'esel,Mineral,P0420,1
103878,96.2,2314.0,2789.0,11.55,Hyundai,GNV,Mineral,P0562,1
82842,94.2,2050.0,2366.0,10.75,Hyundai,Gasolina,Semisint'etico,P0562,1
138614,90.2,2001.0,3339.0,12.62,Kia,Gasolina,Semisint'etico,P0115,1
134092,87.7,2663.0,3841.0,12.76,Chevrolet,Gasolina,Mineral,P0171,1
71898,85.8,897.0,872.0,13.47,Hyundai,GNV,Sint'etico,P0420,1
14788,89.0,1362.0,1863.0,13.76,Hyundai,Gasolina,Mineral,P0700,0
41814,96.4,1466.0,741.0,13.76,Kia,GNV,Sint'etico,P0171,0
211297,100.0,1837.0,1100.0,11.7,Toyota,GLP,Mineral,P0700,1
97812,97.5,1885.0,1233.0,12.22,Kia,Gasolina,Sint'etico,P0420,1
111283,,1322.0,849.0,12.88,Suzuki,GNV,Mineral,P0562,0
108092,105.1,1557.0,853.0,14.2,Kia,Gasolina,Mineral,P0562,1
174374,103.7,1613.0,1670.0,13.68,Toyota,Gasolina,Sint'etico,P0016,1
23640,95.6,3106.0,705.0,13.4,Nissan,GLP,Semisint'etico,P0300,1
27373,91.1,2811.0,2558.0,12.19,Toyota,Di'esel,Semisint'etico,P0700,0
67927,101.9,1815.0,974.0,11.79,Hyundai,Di'esel,Sint'etico,P0562,1
112198,98.7,1836.0,4329.0,13.13,Toyota,Gasolina,Semisint'etico,P0562,0
150936,84.0,1483.0,1394.0,11.62,Suzuki,GLP,,P0562,1
113048,96.4,1141.0,1865.0,12.31,Suzuki,Gasolina,Sint'etico,P0300,1
102645,99.4,1947.0,634.0,12.41,Chevrolet,Gasolina,Mineral,P0562,0
206943,88.9,1551.0,3335.0,13.77,Chevrolet,GLP,Mineral,P0420,1
43813,98.7,1962.0,2808.0,12.22,Chevrolet,Di'esel,Semisint'etico,P0171,0
130062,83.9,1280.0,2067.0,10.55,Chevrolet,GLP,Semisint'etico,P0115,1
123871,109.0,1657.0,588.0,12.9,Chevrolet,Gasolina,Semisint'etico,P0562,1
109432,108.2,2067.0,1990.0,11.94,Suzuki,GLP,Sint'etico,P0300,1
179595,94.7,2165.0,791.0,12.53,Nissan,GNV,Semisint'etico,P0300,1
66064,100.3,2188.0,3116.0,12.43,Toyota,Di'esel,Mineral,P0420,1
210292,75.3,1406.0,2528.0,12.28,Kia,Di'esel,Sint'etico,P0420,0
79629,86.6,2385.0,1886.0,13.13,Suzuki,GLP,Mineral,P0115,0
124450,94.4,1640.0,100.0,11.27,Kia,GLP,Mineral,P0300,1
119341,87.4,2285.0,915.0,12.09,Hyundai,Gasolina,Mineral,P0700,0
188453,103.4,1995.0,2419.0,13.05,Suzuki,GLP,Semisint'etico,P0420,0
102171,115.0,1381.0,2892.0,12.01,Chevrolet,Gasolina,Semisint'etico,P0300,1
69757,86.4,1858.0,2798.0,11.21,Chevrolet,GLP,Semisint'etico,P0700,1
14538,89.5,2164.0,367.0,13.03,Kia,GNV,Mineral,P0420,1
86372,99.1,2276.0,2071.0,13.4,Toyota,GLP,Mineral,P0171,0
183521,111.5,1937.0,2714.0,12.46,Kia,GNV,Semisint'etico,P0700,1
12082,86.0,2689.0,307.0,10.93,Kia,Di'esel,Mineral,P0700,1
198193,99.2,2453.0,1793.0,13.06,Suzuki,GNV,Semisint'etico,P0115,1
123993,113.4,1885.0,2046.0,11.17,Hyundai,GNV,Semisint'etico,P0300,1
39452,82.1,2338.0,1529.0,12.75,Toyota,GNV,Sint'etico,P0562,0
73457,85.5,2870.0,133.0,11.79,Kia,GLP,Semisint'etico,P0700,1
126347,93.2,2882.0,1507.0,11.57,Suzuki,GLP,Semisint'etico,P0700,1
76295,92.3,1447.0,1505.0,,Kia,GLP,Mineral,P0300,1
32800,,1583.0,1667.0,12.35,Kia,GNV,Mineral,P0171,0
149857,99.2,2668.0,1293.0,,Nissan,GNV,Sint'etico,P0420,0
151170,81.0,1524.0,1401.0,12.97,Chevrolet,Di'esel,Semisint'etico,P0300,1
34963,101.6,1405.0,1764.0,,Hyundai,Gasolina,Mineral,P0115,0
69059,91.8,1781.0,2198.0,13.28,Suzuki,Gasolina,,P0420,1
61213,108.5,2189.0,1526.0,12.72,Chevrolet,Gasolina,Semisint'etico,P0171,1
148478,91.4,1954.0,1431.0,11.94,Toyota,Gasolina,Mineral,P0300,1
163362,91.3,1707.0,1883.0,11.81,Kia,Gasolina,Semisint'etico,P0562,1
162668,101.9,1697.0,100.0,11.18,Suzuki,Gasolina,Mineral,P0300,1
207139,103.9,1679.0,2229.0,12.73,Kia,GNV,Semisint'etico,P0171,1
171415,101.0,1604.0,1799.0,12.22,Chevrolet,Gasolina,Sint'etico,P0300,1
77342,81.8,3027.0,1836.0,10.6,Chevrolet,GLP,Semisint'etico,P0700,1
32625,101.8,2134.0,2665.0,12.07,Nissan,Di'esel,Mineral,P0300,1
139074,87.7,2399.0,100.0,11.78,Suzuki,Gasolina,Semisint'etico,P0562,1
202362,99.1,1780.0,100.0,13.76,Toyota,GLP,Mineral,P0420,1
214782,84.2,1916.0,2046.0,11.14,Chevrolet,GNV,Sint'etico,P0300,1
58344,101.0,1679.0,1794.0,11.35,Chevrolet,GNV,Mineral,P0420,1
59655,89.7,807.0,1953.0,13.39,Toyota,GNV,Sint'etico,P0300,1
17856,85.5,1380.0,1384.0,13.59,Nissan,GLP,Mineral,P0300,1
39665,103.4,1185.0,2398.0,11.9,Toyota,GLP,Semisint'etico,P0562,1
126519,99.2,988.0,2639.0,11.99,Kia,Gasolina,Mineral,P0115,1
124828,91.5,1462.0,2236.0,12.99,Hyundai,GNV,Mineral,P0300,1
87893,110.1,2596.0,1565.0,10.64,Toyota,GLP,Mineral,P0171,1
75090,93.0,1980.0,100.0,,Nissan,Di'esel,Mineral,P0562,1
184255,97.3,2581.0,2492.0,12.28,Hyundai,Di'esel,Semisint'etico,P0420,0
106607,99.4,2185.0,2900.0,13.74,Hyundai,GLP,Mineral,P0171,0
179732,91.4,2352.0,2380.0,12.15,Suzuki,Gasolina,Sint'etico,P0300,1
212274,101.2,1595.0,1008.0,12.58,Suzuki,GNV,Sint'etico,P0420,1
76599,92.2,2236.0,2406.0,13.41,Toyota,Di'esel,Semisint'etico,P0171,0
52575,93.3,2328.0,2574.0,14.19,Hyundai,Gasolina,Mineral,P0700,0
210108,109.3,1741.0,3203.0,12.04,Nissan,Di'esel,Mineral,P0700,1
143314,87.6,2252.0,1012.0,12.49,Nissan,GNV,Semisint'etico,P0700,1
71092,75.3,2255.0,1596.0,13.96,Suzuki,Di'esel,Semisint'etico,P0171,0
140590,111.5,1753.0,2473.0,11.28,Chevrolet,GLP,Semisint'etico,P0300,1
118161,119.9,1495.0,1852.0,13.32,Toyota,GNV,Mineral,P0171,1
200161,93.4,1467.0,794.0,11.69,Suzuki,Gasolina,Mineral,P0420,1
63752,79.6,2039.0,2173.0,12.58,Toyota,GNV,Sint'etico,P0300,0
218190,94.2,2147.0,2321.0,12.31,Toyota,Di'esel,Semisint'etico,P0300,1
206569,94.4,1643.0,1879.0,,Nissan,GLP,Semisint'etico,P0171,1
47947,95.3,2012.0,1998.0,11.71,Chevrolet,Gasolina,Mineral,P0171,1
44567,87.0,2257.0,1567.0,12.72,Toyota,Gasolina,Semisint'etico,P0420,1
121962,102.2,2278.0,3130.0,13.3,Hyundai,GNV,Mineral,P0115,1
19431,101.7,2698.0,989.0,12.4,Chevrolet,GNV,Semisint'etico,P0171,0
72747,83.6,2575.0,1271.0,12.56,Hyundai,GNV,Mineral,P0016,1
101370,103.3,1549.0,1810.0,12.96,Nissan,GLP,Sint'etico,P0420,1
213568,115.5,2758.0,2591.0,11.72,Kia,Di'esel,Mineral,P0562,1
218398,98.5,1761.0,452.0,13.09,Chevrolet,Gasolina,Sint'etico,P0420,1
41823,94.0,2470.0,621.0,13.16,Kia,Di'esel,Semisint'etico,P0562,0
197252,95.7,2031.0,100.0,14.2,Kia,GLP,Mineral,P0300,1
29095,102.5,1815.0,1829.0,12.2,Kia,Di'esel,Mineral,P0300,1
167207,81.4,1187.0,794.0,12.13,Nissan,Di'esel,Semisint'etico,P0115,0
187584,98.5,1923.0,1454.0,13.12,Chevrolet,Gasolina,Semisint'etico,P0420,1
197066,93.5,1298.0,2395.0,13.16,Chevrolet,Di'esel,Sint'etico,P0300,1
56917,113.6,2435.0,1223.0,12.07,Chevrolet,Gasolina,Mineral,P0700,1
197623,95.4,2683.0,2008.0,12.18,Hyundai,Gasolina,Sint'etico,P0300,1
34355,112.0,1641.0,1531.0,12.93,Suzuki,Gasolina,Sint'etico,P0562,1
118960,87.1,2136.0,2405.0,11.84,Chevrolet,GLP,Semisint'etico,P0562,1
108604,102.3,1674.0,2228.0,12.17,Nissan,Di'esel,Sint'etico,P0420,1
76345,,1717.0,1177.0,12.57,Suzuki,Gasolina,Sint'etico,P0171,0
14643,89.2,2349.0,1648.0,13.3,Suzuki,GLP,Semisint'etico,P0300,1
172122,98.6,1983.0,2739.0,12.02,Nissan,Gasolina,Mineral,P0016,1
80472,107.9,2783.0,2154.0,11.03,Nissan,Gasolina,Sint'etico,P0420,1
148948,94.1,1783.0,543.0,10.97,Kia,Gasolina,Mineral,P0420,1
96146,81.8,2450.0,2390.0,,Nissan,Di'esel,Semisint'etico,P0420,1
88468,96.8,2044.0,824.0,11.45,Hyundai,GNV,Sint'etico,P0700,1
196122,88.9,2358.0,3071.0,12.38,Nissan,Gasolina,Mineral,P0016,1
29838,93.9,1799.0,2722.0,11.55,Toyota,Di'esel,Semisint'etico,P0700,1
164689,,1978.0,2061.0,11.94,Suzuki,Gasolina,Mineral,P0115,1
166825,81.6,1948.0,1942.0,11.88,Hyundai,Di'esel,Sint'etico,P0115,1
89798,82.5,1624.0,1612.0,12.15,Chevrolet,GLP,,P0562,0
65116,101.3,2298.0,2411.0,13.56,Toyota,Di'esel,Sint'etico,P0700,0
11114,92.3,2293.0,1466.0,13.03,Toyota,GLP,Semisint'etico,P0562,0
206730,75.0,2267.0,2012.0,12.51,Suzuki,GNV,Mineral,P0171,1
209023,104.1,2692.0,2585.0,12.13,Suzuki,GNV,Mineral,P0115,1
60603,99.5,2652.0,1294.0,12.15,Hyundai,GLP,Semisint'etico,P0562,0
16701,90.6,1831.0,1245.0,12.76,Toyota,GLP,Semisint'etico,P0300,1
35779,85.1,2168.0,725.0,12.97,Nissan,GNV,Mineral,P0171,0
24205,104.5,1719.0,842.0,11.77,Suzuki,GNV,Semisint'etico,P0420,1
184533,100.1,2011.0,154.0,12.53,Hyundai,Di'esel,Sint'etico,P0016,1
197301,118.4,1730.0,2457.0,10.87,Chevrolet,Gasolina,Sint'etico,P0171,1
42189,100.8,2729.0,3428.0,12.67,Hyundai,Gasolina,Sint'etico,P0016,0
166815,100.5,2164.0,3083.0,13.11,Nissan,GNV,Semisint'etico,P0171,1
47646,95.5,1902.0,337.0,12.28,Kia,GLP,Semisint'etico,P0016,0
87113,104.4,2537.0,2452.0,13.95,Toyota,Di'esel,Semisint'etico,P0300,1
135870,102.6,1023.0,3080.0,11.8,Hyundai,Di'esel,Semisint'etico,P0700,1
161184,108.3,1094.0,1389.0,12.67,Chevrolet,Di'esel,Mineral,P0562,1
193658,92.3,2358.0,1891.0,12.47,Nissan,GNV,Mineral,P0420,0
19404,93.1,2027.0,100.0,12.42,Toyota,GLP,Sint'etico,P0420,1
51251,92.7,2113.0,2040.0,12.41,Suzuki,GNV,Sint'etico,P0420,1
68906,104.1,1403.0,843.0,12.59,Chevrolet,Di'esel,Sint'etico,P0171,0
75167,110.5,1990.0,1980.0,13.18,Suzuki,Di'esel,Mineral,P0115,1
219585,92.9,2902.0,395.0,13.6,Suzuki,Gasolina,Semisint'etico,P0700,1
173255,93.2,2371.0,2289.0,12.5,Toyota,GNV,Mineral,P0115,1
77287,99.8,2076.0,2722.0,13.15,Toyota,GLP,Semisint'etico,P0562,0
214083,94.8,1802.0,1095.0,11.94,Nissan,GLP,Semisint'etico,P0171,1
114854,105.6,1822.0,777.0,13.11,Hyundai,Di'esel,Sint'etico,P0016,1
115155,76.7,1042.0,100.0,11.89,Toyota,Di'esel,Semisint'etico,P0016,1
101076,89.6,2116.0,1560.0,13.37,Kia,GNV,Sint'etico,P0420,1
40218,90.0,2380.0,1277.0,14.2,Suzuki,Di'esel,Semisint'etico,P0700,0
206218,76.1,1291.0,404.0,12.4,Nissan,GLP,,P0171,1
12926,88.3,1702.0,2208.0,10.75,Chevrolet,Gasolina,Sint'etico,P0016,1
46598,,1479.0,1395.0,12.06,Hyundai,Di'esel,Sint'etico,P0700,0
58227,95.2,1566.0,832.0,13.49,Kia,GNV,Mineral,P0115,0
68652,107.0,2024.0,1301.0,,Nissan,Gasolina,Mineral,P0300,1
37682,94.8,1062.0,2764.0,12.7,Toyota,Gasolina,Semisint'etico,P0562,0
13771,87.7,2276.0,2343.0,13.31,Chevrolet,GNV,Semisint'etico,P0300,1
152308,96.5,2339.0,1683.0,12.89,Toyota,Di'esel,Mineral,P0016,1
213555,106.4,1887.0,2357.0,13.47,Hyundai,Di'esel,Semisint'etico,P0420,1
35584,88.2,884.0,755.0,13.24,Hyundai,GLP,Semisint'etico,P0115,0
72272,88.8,1552.0,1829.0,13.72,Nissan,Gasolina,Semisint'etico,P0700,0
116329,102.0,2555.0,1933.0,12.79,Suzuki,Gasolina,Semisint'etico,P0420,1
204775,95.0,750.0,1377.0,13.22,Toyota,Gasolina,Semisint'etico,P0171,1
155795,102.8,1844.0,2192.0,12.25,Nissan,Gasolina,Mineral,P0115,1
170899,96.9,1469.0,1098.0,,Chevrolet,Gasolina,Semisint'etico,P0171,1
132034,103.3,2362.0,2259.0,13.87,Suzuki,GLP,Semisint'etico,P0300,1
97577,87.7,1696.0,2297.0,12.67,Suzuki,Di'esel,Sint'etico,P0300,1
51952,96.9,2182.0,100.0,13.14,Toyota,Gasolina,Mineral,P0171,0
191506,95.1,2254.0,2871.0,12.6,Nissan,Gasolina,Mineral,P0115,1
178866,86.1,2826.0,100.0,12.03,Chevrolet,Di'esel,Sint'etico,P0562,1
15271,,1909.0,1246.0,12.51,Toyota,GNV,Sint'etico,P0300,1
160235,103.2,2169.0,2723.0,13.65,Hyundai,Di'esel,Mineral,P0171,1
27721,93.8,1332.0,1514.0,12.94,Suzuki,Gasolina,Sint'etico,P0171,0
165186,87.8,2536.0,480.0,11.13,Chevrolet,Gasolina,Mineral,P0420,1
183450,96.1,1658.0,816.0,12.33,Kia,Di'esel,Mineral,P0016,1
37522,107.2,1748.0,2724.0,13.93,Hyundai,Gasolina,Mineral,P0420,1
101105,76.5,1990.0,100.0,12.33,Suzuki,GNV,Sint'etico,P0562,1
35988,83.5,1297.0,2816.0,11.06,Hyundai,GNV,Semisint'etico,P0700,1
129129,88.7,2103.0,1750.0,14.01,Toyota,Di'esel,Semisint'etico,P0562,1
204788,110.2,2435.0,727.0,13.05,Chevrolet,GNV,Mineral,P0115,1
26982,99.5,2132.0,1275.0,12.44,Suzuki,Di'esel,Sint'etico,P0300,1
93491,103.9,1285.0,884.0,12.2,Hyundai,Gasolina,Sint'etico,P0300,1
214355,86.7,1944.0,2580.0,13.37,Hyundai,GNV,Sint'etico,P0300,1
73199,86.9,2334.0,2459.0,12.07,Kia,GNV,Mineral,P0016,0
37765,101.0,1155.0,253.0,13.42,Hyundai,Di'esel,Mineral,P0016,0
112602,97.5,1516.0,1437.0,12.93,Chevrolet,GLP,Sint'etico,P0420,1
116758,101.9,2394.0,1023.0,12.7,Hyundai,Gasolina,Sint'etico,P0420,1
149201,95.3,2122.0,2964.0,12.62,Toyota,GLP,Sint'etico,P0171,1
75884,99.5,2185.0,585.0,12.36,Hyundai,GLP,Mineral,P0562,0
210680,98.4,2837.0,3244.0,13.34,Suzuki,GLP,Semisint'etico,P0115,1
119414,104.0,2211.0,1770.0,11.81,Suzuki,GLP,Sint'etico,P0115,1
70153,104.3,2296.0,754.0,11.2,Chevrolet,GLP,Sint'etico,P0700,1
211659,82.4,3220.0,1190.0,12.99,Kia,GLP,Semisint'etico,P0420,0
204209,76.8,1904.0,1079.0,13.0,Nissan,GNV,Semisint'etico,P0115,1
114824,106.0,1641.0,653.0,12.88,Hyundai,Gasolina,Sint'etico,P0562,1
15220,107.7,2193.0,1885.0,12.83,Chevrolet,Di'esel,Mineral,P0420,1
135356,87.8,2198.0,695.0,12.24,Nissan,Di'esel,Semisint'etico,P0700,1
126591,80.3,1763.0,100.0,13.13,Nissan,GLP,Sint'etico,P0300,1
41123,97.9,1535.0,1458.0,12.46,Hyundai,Gasolina,Mineral,P0115,0
143134,105.4,3039.0,177.0,12.11,Nissan,Di'esel,Mineral,P0016,1
186566,113.2,2147.0,1123.0,12.25,Chevrolet,GNV,Sint'etico,P0700,1
32238,101.6,1670.0,982.0,14.12,Suzuki,Gasolina,Sint'etico,P0562,0
161897,93.7,2412.0,1016.0,11.11,Hyundai,GLP,Sint'etico,P0171,1
39471,89.0,1951.0,3601.0,12.9,Chevrolet,GLP,Mineral,P0016,0
167253,97.1,1886.0,1851.0,11.16,Nissan,Di'esel,Semisint'etico,P0016,1
98014,94.3,2253.0,2021.0,12.41,Hyundai,Gasolina,Mineral,P0562,0
11367,87.9,1419.0,201.0,12.15,Nissan,Gasolina,Semisint'etico,P0016,0
212908,115.4,2159.0,1211.0,10.83,Toyota,Di'esel,Semisint'etico,P0420,1
44853,113.1,2861.0,1994.0,12.81,Nissan,Gasolina,Semisint'etico,P0562,1
135168,107.2,2210.0,878.0,12.2,Chevrolet,Gasolina,Mineral,P0700,1
48108,88.7,1831.0,2617.0,10.82,Hyundai,Gasolina,Semisint'etico,P0420,1
205934,104.7,1772.0,718.0,13.17,Toyota,Gasolina,Mineral,P0562,1
165048,102.8,1815.0,1542.0,13.65,Nissan,GNV,Mineral,P0700,1
178915,101.0,1886.0,1273.0,13.69,Hyundai,GLP,Mineral,P0016,1
100736,108.2,1830.0,1948.0,12.79,Kia,Gasolina,Mineral,P0700,1
108150,,2412.0,1224.0,12.54,Toyota,GLP,Semisint'etico,P0171,0
143203,103.7,1220.0,1556.0,13.56,Suzuki,Gasolina,Sint'etico,P0700,1
174800,102.7,2388.0,1587.0,,Chevrolet,Di'esel,Semisint'etico,P0300,1
187865,100.1,1829.0,1139.0,13.41,Suzuki,Gasolina,Mineral,P0562,1
13745,80.9,2170.0,2237.0,11.75,Toyota,Gasolina,Mineral,P0171,1
149347,97.8,1493.0,2015.0,12.66,Hyundai,Gasolina,Semisint'etico,P0016,1
32920,92.0,2598.0,1720.0,12.85,Chevrolet,Di'esel,Sint'etico,P0700,0
70465,85.5,2561.0,1413.0,11.05,Chevrolet,Di'esel,Semisint'etico,P0016,1
184180,112.1,2432.0,2517.0,12.88,Nissan,Di'esel,Mineral,P0115,1
62607,112.6,1318.0,1588.0,14.2,Suzuki,GLP,Sint'etico,P0171,1
177331,109.2,2373.0,1524.0,13.01,Nissan,GLP,Sint'etico,P0562,1
107231,99.3,2182.0,1894.0,13.68,Toyota,GLP,Sint'etico,P0562,0
58854,109.2,1278.0,3327.0,12.65,Hyundai,GLP,,P0300,1
80191,97.1,1989.0,594.0,12.44,Suzuki,GLP,Semisint'etico,P0562,0
121461,98.8,2164.0,2493.0,12.81,Chevrolet,Di'esel,Sint'etico,P0016,1
170680,87.2,2250.0,100.0,11.85,Suzuki,Gasolina,Sint'etico,P0115,1
137263,100.6,2080.0,1996.0,11.73,Chevrolet,Di'esel,Sint'etico,P0016,1
205977,97.5,2131.0,3218.0,13.51,Toyota,Gasolina,Semisint'etico,P0171,1
192225,85.3,2663.0,2240.0,13.6,Kia,GNV,Mineral,P0562,1
168204,96.5,2552.0,1954.0,11.71,Nissan,Di'esel,Semisint'etico,P0300,1
136652,96.3,710.0,1296.0,13.27,Chevrolet,GNV,,P0171,1
70869,113.2,1857.0,1828.0,12.43,Toyota,GNV,Mineral,P0171,1
96640,105.0,1926.0,1573.0,12.77,Hyundai,Di'esel,Mineral,P0420,1
34967,97.1,1212.0,1093.0,12.87,Suzuki,GNV,,P0300,1
88578,99.2,2042.0,1539.0,13.3,Suzuki,Di'esel,Mineral,P0115,0
204559,97.4,2562.0,1979.0,12.57,Nissan,Gasolina,Sint'etico,P0171,1
99435,95.2,1511.0,1110.0,13.63,Toyota,Gasolina,Semisint'etico,P0171,0
33883,87.3,2151.0,1074.0,12.75,Chevrolet,Gasolina,Mineral,P0420,1
146905,95.6,1588.0,576.0,13.0,Nissan,GNV,Sint'etico,P0562,1
212149,90.3,1698.0,2152.0,11.83,Chevrolet,Di'esel,Sint'etico,P0171,1
192173,85.7,2665.0,2291.0,14.2,Chevrolet,Di'esel,Sint'etico,P0171,1
67556,101.6,1756.0,2008.0,12.88,Kia,Di'esel,Sint'etico,P0562,0
105318,100.5,2208.0,2669.0,13.07,Hyundai,Di'esel,Semisint'etico,P0300,1
121513,80.9,1158.0,1879.0,11.21,Hyundai,GNV,Mineral,P0700,1
62046,95.9,2838.0,2153.0,11.84,Nissan,GNV,Sint'etico,P0300,0
66425,106.0,2271.0,2073.0,13.49,Toyota,Gasolina,Semisint'etico,P0171,1
59699,106.5,1918.0,1718.0,12.73,Toyota,GLP,Mineral,P0420,1
218862,,2259.0,1322.0,10.97,Kia,Di'esel,Mineral,P0562,1
166662,97.4,1366.0,3793.0,13.33,Nissan,Gasolina,Sint'etico,P0420,1
186579,89.4,2532.0,1393.0,12.06,Chevrolet,GNV,Semisint'etico,P0700,1
181479,87.2,1854.0,1201.0,13.63,Chevrolet,Gasolina,Sint'etico,P0171,1
211420,100.1,1908.0,2191.0,12.43,Chevrolet,Gasolina,Sint'etico,P0115,1
32108,100.4,1779.0,2027.0,12.66,Toyota,Gasolina,Sint'etico,P0420,1
195142,108.6,1739.0,536.0,13.44,Hyundai,Di'esel,Semisint'etico,P0300,1
23977,106.9,2313.0,2810.0,11.78,Toyota,GLP,Sint'etico,P0171,1
109838,95.8,2115.0,1715.0,11.71,Nissan,Di'esel,Sint'etico,P0562,1
134831,85.8,2293.0,800.0,12.34,Nissan,Gasolina,Sint'etico,P0171,1
85150,94.1,1996.0,2870.0,13.16,Hyundai,Gasolina,Semisint'etico,P0700,0
40696,99.0,2231.0,2363.0,11.44,Hyundai,GNV,Semisint'etico,P0115,1
50383,95.2,1812.0,662.0,11.17,Hyundai,GNV,Semisint'etico,P0700,1
183179,91.8,3003.0,3399.0,13.16,Suzuki,GNV,Sint'etico,P0420,1
76932,99.3,1294.0,2393.0,12.02,Kia,GLP,Semisint'etico,P0016,0
75170,92.5,2567.0,1791.0,12.19,Nissan,GLP,Semisint'etico,P0562,0
203905,91.3,2616.0,3231.0,11.01,Kia,GNV,Sint'etico,P0115,1
40213,99.8,1617.0,1943.0,11.96,Nissan,GLP,Mineral,P0700,1
202206,93.4,3003.0,1775.0,12.49,Chevrolet,Di'esel,Mineral,P0115,1
203403,99.2,2448.0,1206.0,13.24,Hyundai,Di'esel,Semisint'etico,P0700,1
135697,99.5,2437.0,2324.0,11.88,Suzuki,Di'esel,Semisint'etico,P0016,1
44761,86.7,2013.0,2229.0,13.83,Nissan,Gasolina,Mineral,P0300,0
42730,92.7,1902.0,1813.0,11.95,Nissan,Gasolina,Semisint'etico,P0115,1
69791,109.9,1906.0,1089.0,11.95,Suzuki,GLP,Semisint'etico,P0562,1
131257,86.5,2176.0,1917.0,13.73,Hyundai,GNV,Semisint'etico,P0700,0
42258,78.0,2631.0,1737.0,12.67,Toyota,Gasolina,Sint'etico,P0016,0
105688,80.2,2082.0,600.0,12.06,Chevrolet,Gasolina,Mineral,P0300,1
34252,97.3,1590.0,475.0,12.38,Hyundai,Gasolina,Sint'etico,P0300,1
123459,97.3,2371.0,2309.0,,Kia,GNV,Sint'etico,P0300,1
14441,95.9,2415.0,100.0,13.67,Hyundai,Di'esel,Mineral,P0562,0
158897,107.9,2295.0,1985.0,11.85,Kia,Di'esel,Semisint'etico,P0300,1
21633,75.0,2335.0,1370.0,12.47,Kia,Gasolina,Semisint'etico,P0016,0
50912,100.6,1878.0,2977.0,12.57,Kia,GNV,Sint'etico,P0562,0
46674,111.1,1582.0,1356.0,11.71,Nissan,Di'esel,Sint'etico,P0016,0
184508,86.8,1609.0,2394.0,12.46,Chevrolet,GNV,Mineral,P0420,1
21210,93.6,1264.0,1443.0,12.5,Kia,GLP,Semisint'etico,P0562,0
100144,90.2,2107.0,1902.0,13.41,Toyota,Gasolina,Sint'etico,P0300,1
134140,89.0,1962.0,2463.0,13.47,Chevrolet,GNV,Mineral,P0700,1
118359,94.1,1802.0,1384.0,12.24,Hyundai,GLP,Semisint'etico,P0300,1
152950,109.8,700.0,2697.0,12.33,Hyundai,GLP,Mineral,P0300,1
178651,113.5,1439.0,906.0,13.03,Kia,Gasolina,Semisint'etico,P0420,1
92662,94.0,2504.0,2065.0,12.03,Toyota,GNV,Semisint'etico,P0016,0
183925,114.1,1701.0,2630.0,12.97,Kia,GNV,Mineral,P0300,1
76778,97.3,2162.0,2394.0,12.43,Hyundai,Di'esel,Mineral,P0115,0
216728,112.8,1374.0,3525.0,11.72,Suzuki,Gasolina,Sint'etico,P0016,1
115950,96.2,2647.0,1113.0,11.73,Suzuki,GNV,Mineral,P0016,1
164562,98.2,1935.0,559.0,13.66,Toyota,GNV,Mineral,P0420,1
193751,100.3,2131.0,905.0,12.37,Chevrolet,GLP,Semisint'etico,P0300,1
176456,125.0,3047.0,2394.0,13.81,Chevrolet,GLP,Sint'etico,P0171,1
188737,104.7,2682.0,2248.0,12.09,Kia,Gasolina,Sint'etico,P0420,1
122667,90.6,1862.0,1892.0,12.73,Kia,Gasolina,Sint'etico,P0115,1
19129,105.7,1733.0,789.0,14.2,Nissan,GNV,Sint'etico,P0171,1
113547,93.7,1854.0,2490.0,11.65,Kia,Di'esel,Mineral,P0171,1
48114,92.6,2229.0,698.0,10.98,Toyota,Di'esel,Mineral,P0300,1
196714,,1953.0,2843.0,13.53,Kia,GLP,Semisint'etico,P0562,1
59716,97.3,1822.0,4372.0,11.84,Hyundai,Gasolina,Semisint'etico,P0420,1
57894,99.5,2660.0,2130.0,12.48,Kia,Gasolina,Mineral,P0115,0
62371,97.1,1949.0,2325.0,12.03,Hyundai,Gasolina,Semisint'etico,P0300,1
144938,100.0,3035.0,1356.0,12.71,Toyota,Di'esel,Semisint'etico,P0700,1
129958,100.8,2041.0,171.0,11.74,Suzuki,Di'esel,Semisint'etico,P0115,1
209256,79.6,2803.0,1258.0,12.36,Toyota,Gasolina,Sint'etico,P0420,1
97415,103.0,2161.0,816.0,12.86,Nissan,Di'esel,Sint'etico,P0300,1
69278,88.2,2433.0,498.0,11.69,Nissan,Di'esel,Semisint'etico,P0171,1
20343,84.0,1674.0,3350.0,11.94,Chevrolet,GLP,Mineral,P0300,1
11485,96.5,1616.0,2046.0,12.22,Suzuki,GLP,Sint'etico,P0420,1
88458,97.8,2207.0,2142.0,11.36,Toyota,GNV,Sint'etico,P0700,1
204421,90.8,2445.0,1522.0,12.16,Hyundai,GNV,Sint'etico,P0115,1
119988,104.5,2018.0,1644.0,12.6,Hyundai,Di'esel,Mineral,P0300,1
197644,84.9,1421.0,2668.0,12.18,Chevrolet,GNV,Semisint'etico,P0562,1
31351,93.3,1388.0,1771.0,12.28,Chevrolet,GLP,Semisint'etico,P0420,1
29597,91.7,1358.0,2278.0,12.48,Suzuki,Gasolina,Semisint'etico,P0700,0
185026,96.6,1205.0,1624.0,11.98,Kia,Di'esel,Sint'etico,P0300,1
32415,99.5,2049.0,1492.0,13.05,Hyundai,GLP,Mineral,P0016,0
20911,87.9,2506.0,534.0,13.65,Suzuki,GNV,Sint'etico,P0016,0
94859,103.5,1994.0,100.0,12.13,Nissan,Di'esel,Sint'etico,P0300,1
204216,97.6,983.0,1565.0,12.89,Nissan,Gasolina,Mineral,P0300,1
154770,80.0,1914.0,1851.0,12.31,Kia,Gasolina,,P0171,1
30813,79.4,1927.0,642.0,12.79,Kia,Gasolina,Sint'etico,P0700,0
185797,96.9,2943.0,1769.0,13.75,Kia,GLP,Semisint'etico,P0562,1
187150,95.0,1344.0,1848.0,12.91,Nissan,GLP,Sint'etico,P0115,1
178146,96.1,1824.0,100.0,11.08,Hyundai,Di'esel,,P0016,1
199557,96.7,2768.0,976.0,12.86,Suzuki,GLP,,P0016,1
60374,99.0,2202.0,2167.0,13.49,Hyundai,GNV,Sint'etico,P0171,0
215709,105.5,2253.0,2148.0,,Kia,GNV,Semisint'etico,P0562,1
77346,87.0,2052.0,762.0,13.3,Hyundai,Gasolina,Sint'etico,P0115,0
178425,86.5,2148.0,1943.0,11.95,Chevrolet,GLP,Semisint'etico,P0420,1
131666,87.2,2350.0,2720.0,11.31,Nissan,GNV,Sint'etico,P0016,1
173690,99.6,1636.0,2499.0,12.61,Suzuki,GNV,Sint'etico,P0300,1
141842,108.2,2395.0,1714.0,11.09,Nissan,Di'esel,Semisint'etico,P0420,1
144921,93.1,1382.0,1379.0,12.31,Hyundai,Di'esel,Mineral,P0016,1
